PopularWords,Afrikaans,Albanian,Amharic,Arabic,Armenian,Azerbaijani,Basque,Belarusian,Bengali,Bosnian,Bulgarian,Catalan,Cebuano,Chichewa,Chinese Simplified,Chinese Traditional,Corsican,Croatian,Czech,Danish,Dutch,Esperanto,Estonian,Filipino,Finnish,French,Frisian,Galician,Georgian,German,Greek,Gujarati,Haitian Creole,Hausa,Hawaiian,Hebrew,Hindi,Hmong,Hungarian,Icelandic,Igbo,Indonesian,Irish,Italian,Japanese,Javanese,Kannada,Kazakh,Khmer,Kinyarwanda,Korean,Kurdish (Kurmanji),Kyrgyz,Lao,Latin,Latvian,Lithuanian,Luxembourgish,Macedonian,Malagasy,Malay,Malayalam,Maltese,Maori,Marathi,Mongolian,Myanmar (Burmese),Nepali,Norwegian,Odia,Pashto,Persian,Polish,Portuguese,Punjabi,Romanian,Russian,Samoan,Scots Gaelic,Serbian,Sesotho,Shona,Sindhi,Sinhala,Slovak,Slovenian,Somali,Spanish,Sundanese,Swahili,Swedish,Tajik,Tamil,Tatar,Telugu,Thai,Turkish,Turkmen,Ukrainian,Urdu,Uyghur,Uzbek,Vietnamese,Welsh,Xhosa,Yiddish,Yoruba,Zulu
Good morning,Goeie more,Miremengjes,???? ????,???? ?????,???? ??????,Sabah?n?z xeyir,Egun on,?????? ??????,????????,Dobro jutro,????? ????,Bon dia,Maayong buntag,M'mawa wabwino,???,???,Bonghjornu,Dobro jutro,DobrÇ r†no,God morgen,Goedemorgen,Bonan matenon,Tere hommikust,Magandang umaga,HyvÑÑ huomenta,Bonjour,Goeie moarn,Bos d°as,???? ??????????,Guten Morgen,?‡?????‡,????????,Bonjou,Barka da safiya,Aloha kakahiaka,???? ???,??? ??????,Zoo thaum sawv ntxov,J¢ reggelt,G¢?an daginn,?t?t? ?ma,Selamat pagi,Maidin mhaith,Buongiorno,?????????,Sugeng enjang,????????,??????? ???,???????????,Mwaramutse,?? ??,Beyanå ba?,?????? ???,???????????????????,Bonum mane,Labr?t,Labas rytas,Gudde Moien,????? ????,Salama,Selamat Pagi,?????????,Bongu,ata pai,??? ??????,???????? ????,??????????????????,??? - ??????,God morgen,??? ????,???? ?? ????,??? ????,Dzie? dobry,Bom Dia,???? ????,Buna dimineata,?????? ????,oa mai le ataeao,Madainn mhath,????? ?????,Khotsong,Mangwanani akanaka,??? ?? ????,??? ???????,DobrÇ r†no,Dobro jutro,Subax wanaagsan,Buenos d°as,Wilujeng Çnjing,Habari za asubuhi,God morgon,???? ?? ????,???? ???????,?????? ????,???????,?????????????,GÅnayd?n,Ertiri?iz ha?yrly bolsun!,??????? ?????,??? ????,??????? ???????!,Xayrli tong,ChÖo bu?i s†ng,bore da,Mholo ngalentsasa,??? ?????,E kaaro,Sawubona
Good night,Goeie nag,Naten e mire,???? ???,???? ??? ???,???? ?????,Salam,Good night,????????,??? ??????,Laku noc,???? ???,Bona nit,Maayong gabii,Usiku wabwino,??,??,Bona notte,Laku no?,Dobrou noc,Godnat,Goede nacht,Bonan nokton,Head îîd,Magandang gabi,HyvÑÑ yîtÑ,Bonne nuit,Lekker sliepe,Boas noites,???? ??????????,Gute Nacht,?????????,??? ??????,Bïn nwi,Good dare,Aloha p?,???? ???,??? ??????,Zoo hmo ntuj,J¢ Çjszak†t,G¢?a n¢tt,Ka chifoo,Selamat malam,O°che mhaith,Buona notte,????,Sugeng dalu,??? ??????,??????? ???,?????????????,Ijoro ryiza,??? ????,?ev ba?,?????? ???,????????????????,bonum nocte,Ar labunakti,Labos nakties,Gutt Nuecht,????? ???,Tafandria mandry,Selamat Malam,??? ??????,Il-lejl it-tajjeb,po pai,??? ??????,???? ????,????????????,??? ??????,God natt,?????????,?? ???,?? ????,Dobranoc,Boa noite,???? ???,Noapte buna,?????? ????,manuia le po,Oidhche mhath,???? ???,Robala hantle,Manheru akanaka,??? ?? ????,??? ?????????,Dobr£ noc,Lahko no?,habeen wanaagsan,Buenas noches,Wilujeng wengi,Usiku mwema,Godnatt,???? ???,???? ????,????? ???,??? ??????,????????????,?yi geceler,GijÑ? rahat bolsun!,??????????,?? ????,??????? ???!,Xayrli tun,Ch£c ng? ngon,Nos da,Busuku benzolo,? ???? ????,Kasun lay? o,Ulale kahle
Happy New Year,Gelukkige Nuwe Jaar,Gâzuar Vitin e Ri,???? ??? ???,??? ????? ?????,????????? ??? ????,Yeni iliniz mÅbar?k,Urte berri on,? ????? ?????,??? ?? ????,Sretna Nova godina,??????? ???? ??????,Bon any nou,Malipayong Bag-ong Tuig,Chaka chabwino chatsopano,????,????,Bon annu,Sretna Nova godina,??astn? nov? rok,Godt nytÜr,Gelukkig nieuwjaar,Feli?an Novjaron,Head uut aastat,Maligayang Bagong Taon,HyvÑÑ uutta vuotta,Bonne annÇe,Lokkich nijjier,Feliz aninovo,???????? ???? ????,Frohes neues Jahr,??Á???Â???? Á? ??? ?Á??,??? ??????,Happy New Year,Barka da sabon shekara,Hau?oli makahiki hou,??? ????,?????? ???? ???,Nyob Zoo Xyoo Tshiab,Boldog £j Çvet,Gle?ilegt n?tt †r,Ezi af? ?h?r?,Selamat Tahun Baru,Athbhliain faoi mhaise daoibh,Felice anno nuovo,???????????????,Happy New Year,???? ????? ??????,???? ??? ????? ??????,?????????????????,Umwaka mushya muhire,?? ? ?? ????,Sersala we påroz be,???? ??????? ?????,?????????????????,New Anno Felix,Laim?gu Jauno gadu,Laiming? Nauj?j? met?,SchÇint Neit Joer,?????? ???? ??????,Tratry ny taona,Selamat tahun Baru,???????????????,Is-sena it-tajba,Tau Hou hari,???? ????????? ????????,???? ?????? ???? ??????,?????????????????????,???? ?????? ????????,Godt nytt Ür,??????? ????????,??? ??? ?? ????? ??,??? ?? ?????,Szcz??liwego Nowego Roku,Feliz Ano Novo,??? ??? ??????,An Nou Fericit,? ????? ?????,Manuia le Tausaga Fou,Bliadhna Mhath ?r,?????? ???? ??????,Mahlohonolo a selemo se secha,Goredzva Rakanaka,???? ??? ?????,??? ?? ?????,??astn? nov? rok,Sre?no novo leto,Happy New Year,Feliz a§o nuevo,Wilujeng taun Çnggal,Heri ya mwaka mpya,Gott nytt Ür,???? ??? ???????,?????????? ?????????????,??? ?? ?????,???? ??????? ????????????,????????????,Mutlu Y?llar,TÑze ?yly?yz gutly bolsun,????????? ?????? ????,??? ??? ????? ??,???? ????????? ??????? ??????,Yangi yilingiz bilan,Ch£c m?ng n?m m?i,Blwyddyn Newydd Dda,Nyakhomtsha,? ??? ???????? ???,"E ku odun, eku iyedun",Jabulela unyaka omusha
Happy birthday,Gelukkige verjaarsdag,Gâzuar ditâlindjen,???? ???,??? ???? ????,??????? ?????????,Ad gÅnÅn mÅbar?k,Zorionak,? ???? ??????????,??? ???????,Sretan ro?endan,?????? ?????? ???,Per molts anys,malipayon nga adlaw nga natawhan,Tsiku labwino lobadwa,????,????,Felice Anniversariu,Sretan ro?endan,V?echno nejlep?° k narozenin†m,Tillykke med f?dselsdagen,Fijne verjaardag,Feli?an naski?tagon,Palju ?nne sÅnnipÑevaks,Maligayang kaarawan,HyvÑÑ syntymÑpÑivÑÑ,Bon anniversaire,Lokkige jierdei,Feliz Aniversario,??????? ????????? ????,Alles Gute zum Geburtstag,?‡????Ó?‡ ?Ó?????‡,???????? ?? ????????,Bïn Fät,Barka da ranar haihuwa,Hau?oli L? H?nau,??? ????? ???,??????? ?? ??????????,Zoo siab hnub yug,Boldog szÅletÇsnapot,Til hamingju me? afmëli?,Ezi ncheta ?m?m?,Selamat ulang tahun,L† breithe shona duit,Buon compleanno,??????????????,Sugeng tanggap warsa,???????? ?????????,????? ????? ????? ??????,?????????????????,Isabukuru nziza,?? ??,Rojbñna te påroz be,??????? ??????? ????? ??????????,????????????????,Felix natalis,Daudz laimes dzim?anas dien?,Su gimtadieniu,Alles Guddes fir de Gebuertsdag,?????? ????????,Tratry ny tsingerintaona nahaterahana,Selamat Hari lahir,?????????????,happy birthday,huritau hari,???????????? ????????,?????? ?????? ????,??????????????????????,?????????,Gratulerer med dagen,???????? ????????,????? ?? ???????,????? ?????,Wszystkiego najlepszego,Feliz Anivers†rio,?????? ??????,La multi ani,? ???? ??????????,Manuia le aso fanau,Co-lÖ-breith math,?????? ????????,Letsatsi le monate la tsoalo,Bhavhadhe rinofadza,??????? ?????,??? ?????????? ????,??astnÇ narodeniny,Vse najbolj?e,Dhalasho Wacan,Feliz cumplea§os,Wilujeung tepang taun,Furaha ya kuzaliwa,Grattis pÜ fîdelsedagen,?????? ???????,?????????? ?????????????,????? ??? ?????,??????????? ????????????,???????????????,Do?um gÅnÅn kutlu olsun,Doglan gÅnÅ? bilen,? ???? ??????????,?????? ?????,???????? ????????? ???????,Tug'ilgan kuning bilan,Ch£c m?ng sinh nh?t,Penblwydd hapus,Usuku lokuzalwa olumnandi,??? ???? ??????????,O ku ojo ibi,Usuku olumnandi lokuzalwa
I love you,Ek het jou lief,Unâ tâ dua,??????,????,?? ?????? ?? ???,M?n s?ni sevir?m,maite zaitut,? ???? ?????,??? ?????? ????????,volim te,?????? ??,T'estimo,gihigugma TIKA,ndimakukondani,???,???,ti tengu caru,Volim te,Miluji t?,jeg elsker dig,ik hou van je,mi amas vin,Ma armastan sind,Mahal kita,MinÑ rakastan sinua,je t'aime,ik hÉld fan dy,QuÇrote,?????????,ich liebe dich,‰Ó ‡?‡„?,??? ??? ????? ???? ??,Mwen renmen ou,Ina son ka,aloha wau i? 'oe,??? ???? ????,??? ????? ????? ???? ???,Kuv hlub koj,Szeretlek,Çg elska ?ig,a h?r? m g? n'anya,Aku cinta kamu,Is bre† liom t£,ti amo,???????????????,Aku tresna sampeyan,???? ????????? ????????????????,??? ???? ????? ???????,??????????????????,Ndagukunda,???,ez ji te hez dikim,??? ???? ?????,??????????????,te amo,Es m?lu Tevi,A? tave myliu,Ech hunn dech gÑr,?? ?????,tiako ianao,saya sayang awak,??? ?????? ??????????????,I love you,aroha ana ahau ki a koe,?? ???????? ????? ????,?? ???? ???????,??????????????,? ??????? ???? ?????,Jeg elsker deg,??? ????? ?????,?? ??? ??? ???? ???,????? ????,kocham Ci?,eu te amo,??? ??????? ???? ???? ???,te iubesc,? ????? ????,oute alofa ia oe,tha gaol agam ort,????? ??,kea u rata,Ndinokuda,??? ?? ?? ??? ???? ???,?? ???? ??????,?£bim ?a,Ljubim te,waan ku jeclahay,te amo,abdi bogoh ka anjeun,nakupenda,jag Ñlskar dig,??? ???? ???? ???????,???? ????? ?????????????,??? ???? ??????,???? ?????? ????????????????,????????,seni seviyorum,men seni sî??Ñrin,? ???? ?????,??? ?? ?? ???? ???? ???,??? ????? ????? ???????,Men seni Sevaman,Anh yàu em,Rwy'n dy garu di,Ndiyakuthandana,??? ??? ??? ???,mo nif? r?,Ngiyakuthanda
I miss you,Ek mis jou,mâ Mungon,????,??? ????? ??,??????? ?? ???,s?nin ÅáÅn dar?x?ram,Faltan botatzen zaitut,? ????? ?? ????,???? ?????? ??? ????,Nedostaje? mi,??????? ??,Et trobo a faltar,gimingaw ko nimo,ndakusowa,???,???,mi manchi,Nedostaje? mi,chyb°? mi,jeg savner dig,ik mis je,vi mankas al mi,ma igatsen sind,Miss na kita,Kaipaan sinua,Tu me manques,ik mis dy,Extr†§ote,?????????,ich vermisse dich,??? ?Ó?„Ó??,??? ???? ??? ???? ???,ou manke m,I miss you,ha?i wau i? 'oe,??? ?????? ????,???? ???? ??? ??? ??,Kuv nco koj,hi†nyzol,Çg sakna ?°n,a na m at? ?che g?,aku merindukanmu,air°m uaim th£,mi manchi,?????????????,aku kangen kowe,???? ??????????,??? ???? ????????,??????????????,ndagukumbuye,? ??? ????,ez båra te dikim,??? ???? ????????,??????????????????,te desidero,man tevis pietr?kst,a? tav?s pasiilgau,ech vermâssen dech,?? ??????????,malahelo anao aho,saya rindu awak,???? ??????? ??????? ????????????? ?????,nimmissjak,mahue ahau a koutou,??? ???? ???? ????,?? ?????? ????? ?????,????????????????????,? ???????? ??????,Jeg savner deg,??? ????? ??? ????,??? ??????,??? ???? ??? ???,t?skni? za Tob?,Eu sinto sua falta,????? ???? ??? ????? ??,Mi e dor de tine,? ?????? ?? ????,ua ou misia oe,tha mi gad ionndrainn,?????????? ??,ke u hopotse,ndinokusuwa,????? ??? ?? ???,?? ???? ???????,ch?ba? mi,pogre?am te,Waan kuu xiisay,Te echo de menos,abdi sono ka anjeun,ninakukosa rohoni,jag saknar dig,??? ???? ?????? ?????,???? ??????? ???,??????? ????,???? ?????? ???? ???????????,????????????,seni îzledim,Seni gîresim gel?Ñr,? ????? ?? ?????,??? ????? ??? ????,???? ????????,sizni sog'indim,Tìi nh? b?n,Dwi yn methu ti,ndiyakukhumbula,??? ???? ??? ???? ???,Aro re so mi,ngikukhumbulile
Merry Christmas,Geseânde Kersfees,Gâzuar Krishtlindjet,???? ??,??? ????? ????,????????? ????? ??????,Milad bayram?n?z mÅbar?k,Eguberri on,? ????????,??? ??????,sretan bo?i?,?????? ??????,Bon Nadal,maayong Pasko,Khrisimasi yabwino,?????,?????,bon Natale,sretan Bo?i?,veselÇ V†noce,glëdelig jul,vrolijk kerstfeest,feli?an Kristnaskon,hÑid j?ule,Maligayang Pasko,hyvÑÑ joulua,joyeux Noâl,noflike krystdagen,feliz Nadal,????? ????????,Frîhliche Weihnachten,?‡?? ???ÂÁ???Ó??‡,???? ???????,Jwaye Nwel,Merry Kirsimeti,mele Kalikimaka,?? ???? ???,??????? ?? ????,Zoo siab heev Christmas,boldog Kar†csonyt,Gle?ileg j¢l,ezi ekeresimesi,Selamat Natal,Nollaig Shona,buon Natale,????????,Merry Christmas,?????? ?????????,????????? ????? ??????,???????????????????????,Noheri nziza,?? ?????,Kiråstmas piroz be,????????? ??????? ?????,Merry ????????????,felicem natalem Christi,Priec?gus Ziemassv?tkus,linksm? Kal?d?,SchÇi Chrâschtdeeg,?????? ?????,tratry ny krismasy,Selamat Hari Natal,???????????? ?????????,il-Milied it-tajjeb,Merry Christmas,???? ???????,Merry Christmas,?????????????????????????????,???????? ???????,god jul,??? ???? ??????? ????????,????? ?? ?????,?????? ?????,Weso?ych ?wi?t,feliz Natal,???? ??????,Craciun Fericit,??????????? ?????????,manuia le Kirisimasi,Nollaig Chridheil,?????? ?????,kereseme e monate,Kisimusi yakanaka,???? ?????,??? ???????,veselÇ Vianoce,vesel bo?i?,yuul,Feliz Navidad,Wilujeng Natal,Krismasi Njema,god Jul,??????? ??? ???????,?????? ???????????,?????? ?????,????????? ????????????,????????????????????,mutlu Noeller,TÑze ?yl gutly bolsun,????????? ??????,???? ?????,????????? ???????????? ??????? ??????,Rojdestvo bilan,Gi†ng sinh vui v?,Nadolig Llawen,Ikrismesi emnandi,??????? ????,ikini ?dun keresimesi,Jabulela Ukhisimusi
Thank you,Dankie,Faleminderit,???????,????,????????????????,Äox sa? ol,Eskerrik asko,??????,???????,Hvala ti,?????????,GrÖcies,Salamat,Zikomo,??,??,Grazie,Hvala ti,D?kuji,Tak,Dank je,Dankon,AitÑh,Salamat,Kiitos,Je vous remercie,Dankewol,Grazas,????????,Vielen Dank,???‡??ÂÁ?,????,Mäsi,na gode,Mahalo,????,???????,Ua tsaug rau koj,Kîszînîm,?akka ?Çr fyrir,Daal?,Terima kasih,Go raibh maith agat,Grazie,???????????,Matur nuwun,???????,?????? ?????,?????,Murakoze,?????,Spas dikim,?????? ????,??????,Gratias tibi,Paldies,A?i?,Merci,?? ??????????,Misaotra anao,Terima kasih,?????,Grazzi,Mauruuru koe,???????,?????????,???????????????,???????,Takk skal du ha,???????,????,??????,Dzi?kuj? Ci,Obrigado,?????? ??????,Mul?umesc,???????,faafetai,Tapadh leat,????? ???,kea leboha,Ndatenda,????? ?? ???????,??? ????????,?akujem,Hvala vam,Mahadsanid,Gracias,hatur nuhun,Asante,Tack,?????,?????,??????,??????????,????????,te?ekkÅr ederim,Sagbol,?????,?? ?? ?????,?????? ?????,rahmat,C?m ?n b?n,Diolch,Enkosi,?????,e dupe,Ngiyabonga
baby,baba,bebe,???,???,?????,kîrp?,haurra,?????,??????,beba,????,nad¢,bata,mwana,??,??,ciucciu,dijete,d°t?,baby,baby,bebo,laps,sanggol,vauva,bÇbÇ,poppe,bebÇ,??????,Baby,????,????,ti bebe,baby,p?p?,???????,?????,tus me nyuam,baba,Elskan,nwa,bayi,leanbh,bambino,????,baby,?????,???????,????,umwana,??,bebek,????,????????,infans,mazulis,k?dikis,Puppelchen,????,zazakely,bayi,????,tarbija,tamaiti,???,??????,????,?????,baby,????,?????,?????,dziecko,bebà,????,bebelus,?????,pepe,pÖisde,????,lesea,mucheche,???,????,die?a,dojen?ek,ilmaha,bebÇ,orok,mtoto,bebis,?????,???????,?????,????,????,bebek,áaga,??????,???,?????,chaqaloq,??a bÇ,babi,umntwana,?????,baby,ingane
bear,dra,duroj,??,?????,????,ay?,bear,?????,?????,snositi,?????,suportar,-an,kudzachitira,?,?,orsu,snositi,medv?d,bj?rn,beer,toleri,kandma,madala,karhu,ours,bear,soportar,?????,BÑr,‡????Î‡,????,pote,kai,pea,???,????,dais,medve,Bera,ibu,beruang,iompr¢idh,orso,??,metokake,??????,??,??????,idubu,?,hirá,???,?????????,Ursa,paciest,tur?ti,droen,?????,hitondra,menanggung,????,i?orru,mau,???,?????,?????,???,Bj?rn,????,????,???,Nied?wied?,Urso,????,urs,???????,urosa,mathan,??????,jara,bere,?????? ???,????,medve?,nosi,dhali,oso,biruang,kubeba,Bjîrn,?? ?????,?????,??,??????????,???,ay?,a?y,?????,??????,?????,ayiq,ch?u,arth,ibhere,???,ró,athwale
beautiful,pragtige,e bukur,???,?????,???????,gîz?l,eder,???????,??????,lijep,??????,bonic,matahum nga,kukongola,??,??,bellu,lijep,Kr†sn†,smuk,mooi,bela,ilus,maganda,kaunis,beau,moai,fermoso,??????,schîn,„‡?Ó???Ì?,?????,bäl,kyau,u?i,???,?????,zoo nkauj,szÇp,falleg,mara mma,indah,go h†lainn,bellissimo,???,ayu,?????,?????,??????????,mwiza,????,bedew,?????,???,pulchram,skaists,gra?us,schÇin,?????????,tsara tarehy,indah,?????????,sbie?,ataahua,?????,??????,??????????,??????,vakker,??????,????,?????,pi?kny,bonita,?????,frumoasa,????????,aulelei,bïidheach,????,ntle,runako,???????,?????,kr†sny,lepa,qurux badan,hermosa,geulis,nzuri,vacker,????,?????,?????,???????,???,gÅzel,owadan,??????,???????,????????,chiroyli,??p,hardd,entle,????,l?wa,enhle
black,swart,e zezâ,???,????,???,qara,beltza,?????,????,crn,?????,negre,itom,wakuda,??,??,neru,crno,?ern†,sort,zwart,nigra,must,itim,musta,noir,Swart,negro,????,schwarz,?‡????,????,nwa,baki,ele?ele,???????,????,dub,fekete,Svartur,black,hitam,dubh,nero,?,ireng,?????,????,????,umukara,??,re?,????,?????,nigrum,melns,juodas,schwaarz,????,mainty,hitam,??????,iswed,pango,????,???,?????????,????,svart,???,???,????,czarny,Preto,????,negru,??????,lanu uliuli,Dubh,???,ba batsho,nhema,????,???,?ierna,?rna,madow,negro,hideung,nyeusi,svart,????,???????,????,??????,????,siyah,gara,??????,????,black,qora,?en,du,mnyama,???????,dudu,black
blue,blou,blu,????,????,???????,mavi,urdinak,????,???,plava boja,???,blau,azul,buluu,??,??,turchinu,plava,modr?,blÜ,blauw,blua,sinine,bughaw,sininen,bleu,blau,azul,?????,blau,?„?Ó,?????,ble,blue,pol?,???????,????,xiav,kÇk,Bl†r,acha an?n? an?n?,biru,gorm,blu,?,biru,?????,???,???,ubururu,??,?ån,???,??????????,hyacinthum,zils,m?lynas,blo,????,manga,biru,???,blu,puru,????,???,??????,????,blÜ,???,???,???,niebieski,azul,????,albastru,?????,lanu moaga,gorm,?????,putsoa,bhuruu,????,????,Modr†,blue,buluug,azul,biru,bluu,blÜ,?????,???,??????,????,?????????,mavi,gîk,?????,????,???,ko'k,mÖu xanh da tr?i,glas,luhlaza,????,blue,blue
cat,kat,Mace,???,??,?????,pi?ik,katu,???,??????,ma?ka,?????,gat,iring,mphaka,?,?,cat,ma?ka,ko?ka,kat,kat,kato,kass,pusa,kissa,chat,kat,gato,????,Katze,‚?Á‡,??????,chat,cat,p?poki,????,??????,miv,cica,Kîttur,cat,kucing,cat,gatto,??,kucing,??????,?????,????,injangwe,???,pisåk,?????,cat,feles,ka?is,kat?,Kaz,?????,saka,kucing,?????,qattus,ngeru,?????,????,??????,??????,katt,?????,????,????,kot,gato,?????,pisic?,???,pusi,cat,?????,katse,katsi,???,????,ma?ka,ma?ka,cat,gato,ucing,paka,katt,?????,????,????,??????,???,kedi,pi?ik,???,???,?????,mushuk,con mäo,cath,ikati,????,o nran,cat
dog,hond,qen,??,?????,????,it,txakur,??????,?????,pas,????,gos,iro,galu,?,?,cane,pas,Pes,hund,hond,hundo,koer,aso,koira,chien,hñn,can,?????,Hund,Â?????,?????,chen,kare,??lio,??????,??????,aub,kutya,Hundur,nk?ta,anjing,madra,cane,?,asu,????,??,????????,imbwa,?,se,??,???,canis,suns,?uo,Hond,????,alika,anjing,????,kelb,kuri,??????,?????,????,?????,hund,?????,???,??,pies,cachorro,?????,cÉine,??????,maile,có,???,ntja,imbwa,????,?????,pes,pes,eyga,perro,anjing,mbwa,hund,???,????,??,?????,???,kîpek,it,???,???,???,it,ch¢,ci,inja,????,aja,inja
family,gesin,familje,????,????,???????,ail?,familia,???'?,??????,porodica,?????????,fam°lia,pamilya,banja,??,??,famiglia,obitelj,rodina,familie,familie,familio,pere,pamilya,perhe,famille,famylje,familia,??????,Familie,???????Ó?‡,??????,fanmi,iyali,ohana,??????????,??????,tsev neeg,csal†d,Fjîlskylda,ezin?l?,keluarga,teaghlaigh,famiglia,??,kulawarga,???????,??????,????????????,umuryango,??,malbat,??-????,??????,familia,?imene,?eimos,Famill,?????????,family,keluarga,???????,familja,wh?nau,??????,??? ???,???????,??????,familie,??????,?????,???????,rodzina,fam°lia,??????,familie,?????,aiga,teaghlach,????????,lelapa,mhuri,??????,??????,rodina,dru?ina,qoyska,familia,kulawarga,familia,familj,????,???????,?????,???????,????????,aile,ma?gala,???'?,??????,??????,oila,gia ?çnh,teulu,usapho,?????????,ebi,umndeni
father,pa,baba,???,????,????,ata,aita,??????,????,otac,????,pare,amahan,bambo,??,??,babbu,otac,otec,far,vader,patro,isa,ama,isÑ,päre,heit,pai,????,Vater,„‡Á??‡?,????,papa,uba,makuak?ne,??????,????,txiv,apa,Fa?ir,nna,ayah,athair,padre,????,rama,????,???,????,se,???,bav,???,???????,pater,t?vs,t?vas,Papp,?????,ray,bapa,??????,missier,papa,????,???,????,????,far,????,????,???,ojciec,pai,????,tat?,????,tama,athair,????,ntate,baba,???,????,otec,o?e,aabbahay,padre,bapa,baba,far,?????,?????,?????,??????,???,baba,kakasy,??????,???? ????,??????,ota,cha,tad,utata,?????,baba,uyise
friend,vriend,mik,???,????,?????,dost,Lagun,?????,?????,prijatelj,???????,amic,higala,bwenzi,??,??,amicu,prijatelj,p?°tel,ven,vriend,amiko,s?ber,kaibigan,ystÑvÑ,ami,freon,amiga,????????,Freund,Ì????,?????,zanmi,aboki,hoa aloha,?????,?????,phooj ywg,bar†t,Vinur,enyi,teman,cara,amico,??,kanca,?????,???,??????????,inshuti,??,heval,???,??????,amicus,draugs,draugas,Frând,????????,namana,rakan,?????????,?abib,hoa,?????,????,???????,?????,venn,?????,?????,????,przyjaciel,amigos,????,prieten,????,uo,caraid,????????,motsoalle,shamwari,????,??????,priate?,prijatelj,saaxiib,amigo,sobat,rafiki,vÑn,??????,??????,???,??????????,??????,arkada?,dost,????,????,?????,do'st,ng??i b?n,ffrind,umhlobo,???????,ore,umngane
husband,man,burri,??,?????,???????,?r,senarra,???,??????,mu?,??????,marit,bana,mwamuna,??,??,maritu,suprug,man?el,mand,man,edzo,abikaasa,asawa,aviomies,mari,man,home,?????,Mann,Â??????,???,mari,miji,k?ne,??????,???,tus txiv,fÇrj,Eiginma?ur,di,Suami,fear cÇile,marito,?,bojomu,???,?????,????,umugabo,??,màr,?????,???,virum,v?rs,vyras,Mann,??????,lehilahy,suami,?????????,ra?el,tane,????,????? ??,????????,???,mann,??????,????,????,m??,marido,???,so?,???,tane,cäile,??????,monna,murume,???,?????????????,man?el,mo?,ninkeeda,marido,carogÇ,mume,man,??????,?????,??,????,????,koca,adamsy,???????,????,????,er,ng??i ch?ng,gwr,umyeni,????,?k?,umyeni
light,lig,dritâ,????,???,?????,yÅngÅl,argia,??????,???,svjetlo,????????,llum,kahayag,kuwala,?,?,luce,svjetlo,sv?tlo,lys,licht,lumo,valgus,liwanag,valo,lumiäre,ljocht,luz,???????,Licht,Ì??,??????,limyä,haske,kukui,????,?????,teeb,fÇny,Lj¢s,çhä,cahaya,solas,leggero,?,cahya,??????,?????,?????,urumuri,?,sivik,?????,??????????,lux,gaisma,?viesa,Liicht,????????,fahazavana,cahaya,????????,dawl,marama,??????,?????,?????,??????,lett,????,? .?,???,lekki,luz,??????,u?oar?,????,malamalama,aotrom,??????,khanya,chiedza,?????,?????,svetlo,svetloba,light,luz,cahaya,mwanga,ljus,?????,???,???????,?????,???,???k,?agtylyk,??????,?????,???,yorug'lik,†nh s†ng,golau,ukukhanya,????,ina,ukukhanya
love,lief,dashuri,???,??,???,sevgi,maite,???????,???????,ljubav,??????,amor,nahigugma,ndimakukondani,?,?,amore,ljubav,milovat,elsker,liefde,love,armastus,pag-ibig,rakkaus,amour,leafde,amor,???????,Liebe,‡??„?,?????,renmen,son,aloha,????,???????,hlub,szerelem,?st,n'anya,cinta,gr†,amore,?,tresna,???????,????????,???????,urukundo,??,evån,?????,???,diligitis,m?lest?ba,meil?,LÇift,?????,fitiavana,suka,??????,im?abba,aroha,?????,???????,???????????????,?????,kjërlighet,?????,????,???,mi?o??,amor,????,dragoste,??????,alofa,ghaoil,?????,rata,rudo,????,????,milova?,ljubezen,jeclahay,amor,bogoh,upendo,kÑrlek,???? ??????,?????,????????,?????,???????,A?k,sî?gi,?????,????,????????,sevgi,yàu,cariad,uthando,????,ni ife,uthando
moon,maan,hânâ,???,?????,??????,ay,ilargia,?????,????,mjesec,????,lluna,bulan,mwezi,??,??,luna,mjesec,m?s°c,mÜne,maan,luno,Kuu,buwan,kuu,lune,moanne,l£a,??????,Mond,ÌÓ?????,?????,lalin,wat?,mahina,???,????,hli,hold,Tungl,?nwa,bulan,moon,Luna,?,rembulan,??????,??,??????????,ukwezi,?,hàv,??,?????,luna,m?ness,m?nulis,Mound,??????????,volana,bulan,???????,qamar,marama,?????,???,?,??????,mÜne,??????,??????,???,ksi??yc,lua,???,lun?,????,masina,ghealach,?????,khoeli,mwedzi,???,??,mesiac,luna,moon,Luna,bulan,mwezi,mÜne,???,????????,??,????????,?????????,ay,A?,??????,????,???,oy,m?t tr?ng,lleuad,inyanga,????????,o?upa,inyanga
mother,moeder,nânâ,???,??,????,ana,ama,????,??,majka,?????,mare,inahan,amayi,??,??,mamma,majka,matka,mor,moeder,patrino,ema,ina,Ñiti,märe,mem,nai,????,Mutter,??Á??‡,????,manman,uwar,makuahine,?????,???,niam,anya,M¢?ir,nne,ibu,M†thair,madre,?,ibu,????,???,?????,nyina,???,dà,???,???,mater,m?te,motina,Mamm,?????,reny,ibu,????,omm,whaea,??,???,?????,???,mor,??,???,????,mama,m?e,???,mam?,????,tina,mÖthair,?????,'mä,Amai,???,??,matka,mati,hooyo,madre,indung,mama,mor,?????,????,???,?????,???,anne,ejesi,????,???,????,Ona,m?,mam,umama,?????,iya,unina
my love,my liefde,Dashuria ime,???,??????,?? ???,my love,nire bihotza,??? ???????,???? ???????,moja ljubav,??? ?????,amor meu,ang akong gugma,wachikondi wanga,???,???,amore meiu,moja ljubav,moje l†ska,min elskede,mijn geliefde,mia amo,minu armastus,mahal ko,rakkaani,mon amour,myn leafde,meu amor,???? ????????,meine Geliebte,‡??„? ???,???? ?????,renmen m ',masoyina,ku?u aloha,?????,???? ?????,kuv hlub,szerelmem,?stin m°n,?h?nanya m,cintaku,Mo gr†,il mio amore,???,tresnaku,???? ????,????? ??????????,??????,urukundo rwanjye,? ??,Evåna min,????? ?????????,???????,amica mea,mana m?lest?ba,Mano meil?,meng LÇift,????? ????,ry tiako,cinta saya,????? ??????,im?abba tieg?i,toku aroha,???? ?????,????? ????,????????,???? ?????,min kjërlighet,?? ?????,??? ????,??? ??,moja mi?o??,meu amor,???? ????,Iubirea mea,??? ??????,o lo?u alofa,mo ghaol,???? ?????,lerato la ka,mudiwa wangu,?????? ????,??? ????,moja l†ska,moja ljubezen,jacaylkayga,mi amor,kabogoh abdi,mpenzi wangu,min kÑrlek,????? ???,??? ?????,????,?? ????????,??????,a?k?m,meni? sî?gim,??? ?????,???? ????,????? ??????????,mening muhabbatim,tçnh yàu c?a tìi,fy nghariad,sthandwa,???? ???,if? mi,Sthandwa sami
peace,vrede,paqe,???,????,????????????,sÅlh,bakea,????,??????,mir,???,pau,kalinaw,mtendere,??,??,pace,mir,m°r,fred,vrede,paco,rahu,kapayapaan,rauha,paix,frede,paz,????????,Frieden,Ó?????,?????,lapä,zaman lafiya,maluhia,???????,?????,kev sib haum xeeb,bÇke,Fri?ur,udo,perdamaian,s°och†in,pace,??,tentrem,?????,???????????,????????,amahoro,??,a?åtå,???????,????????,pacem,miers,taika,Fridden,???,fandriampahalemana,keamanan,???????,pa?i,te rongo,??????,???? ???????,??????????????,??????,fred,??????,????,???,pok¢j,Paz,??????,pace,???,filemu,sçth,???,khotso,rugare,???,???,mier,mir,nabadda,paz,katengtreman,amani,fred,????,????????,????????,?????,???????,Bar??,parahatáylyk,???,???,???????,tinchlik,Hïa bçnh,heddwch,uxolo,????,alafia,ukuthula
red,rooi,i kuq,??,????,??????,q?rm?z?,gorria,???????,???,crven,??????,vermell,pula nga,wofiira,?,?,rossu,crvena,?ervenÇ,r?d,rood,ru?a,punane,pula,punainen,rouge,read,vermello,red,rot,Á? ???????,???,wouj,ja,ula?ula,??????,???,liab,piros,Rautt,red,merah,dearg,rosso,?,abang,?????,?????,?????,umutuku,??,sor,?????,?????,red,sarkans,raudonas,Rout,??????,mena,merah,??????,a?mar,whero,???,?????,?????,????,r?d,????,???,????,czerwony,vermelho,???,ro?u,???????,lanu mumu,dearg,?????,khubelu,tsvuku,?????,???,?erven†,rde?a,cas,rojo,beureum,nyekundu,rîd,????,???????,?????,?????,?????,k?rm?z?,gyzyl,????????,???,?????,qizil,??,Coch,bomvu,????,pupa,obomvu
sorry,jammer,Mâ vjen keq,?????,?????,??????,Åzr,Sentitzen,????????,??????,izvini,?????????,ho sento,sorry,pepani,??,??,scusa,oprostite,Promi?te,undskyld,Sorry,beda?ras,Vabandust,nalulungkot,anteeksi,Pardon,Sorry,Sent°molo,??????,Es tut uns leid,Â??????,???,regrät,hakuri,e kala mai,?????,???? ??????,thov txim,sajn†lom,Fyrirgef?u,ndo,Maaf,t† br¢n orainn,scusa,??????,nuwun,???????,?????????,??????,mumbabarire,?????,bibore,?????????,??????,paenitet,Atvainojiet,atsipra?au,entschâllegt,???,miala tsiny,maaf,??????????,sorry,pouri,??: ?,?????????,??????????????,??? ?????????,Beklager,?? sorry ???,?????,?????,Przepraszam,desculpa,??? ????,scuze,??????,malie,duilich,????????? ??,masoabi,ndine hurombo,?????,???????,Prep†?,?al mi je,ka xumahay,lo siento,punten,pole,fîrlÜt,???,????????????,???? ??????,??????????,?????,afedersiniz,Bagy?la?,???????,?????,???????,Kechirasiz,l?y lÖm ti?c,Mae'n ddrwg,uxolo,????????,binu,sorry
star,ster,yll,???,????,????,ulduz,izar,?????,?????,zvijezda,??????,estrella,nga bitoon,nyenyezi,?,?,stella,zvijezda,hv?zda,stjerne,ster,stelo,tÑht,bituin,tÑhti,Çtoile,stjer,estrela,??????????,Stern,‡ÂÁ???,????,zetwal,star,h?k?,????,????,lub hnub qub,csillag,Stjîrnu,kpakpando,bintang,rÇalta,stella,?,lintang,??????,??????,????,inyenyeri,?,stàrk,??????,???,stella,zvaigzne,?vaig?d?,StÑr,??????,kintana,bintang,????????,stilla,whetu,????,??,????,????,stjerne,????,?????,?????,gwiazda,Estrela,????,stea,??????,fetu,rionnag,??????,naleli,nyeredzi,????,???,hviezda,zvezda,xiddiga,estrella,bentang,nyota,stjÑrna,??????,?????????,??????,??????,???,y?ld?z,?yldyz,?????,?????,star,yulduz,ngìi sao,seren,inkwenkwezi,?????,star,inkanyezi
sun,son,diell,???,???,????,gÅn??,eguzkia,?????,?????,sunce,??????,sol,adlaw,dzuwa,??,??,sole,sunce,slunce,sol,zon,sunon,pÑike,araw,aurinko,Soleil,sinne,sol,???,Sonne,?????,?????,soläy,r?n?,l?,???,???,hnub,nap,S¢l,anyanw?,matahari,ghrian,sole,??,sun,??????,???,???????????,izuba,??,tav,???,????????,solis,saule,saul?,Sonn,???????,masoandro,matahari,??????,xemx,ra,?????,???,??,?????,sol,???????,???,?????,s?o?ce,dom,????,soare,??????,la,ghrian,?????,letsatsi,zuva,??,????,slnko,sonce,qorraxdu,sol,panonpoÇ,jua,Sol,?????,???????,????,????????,??????????,GÅne?,gÅn,?????,????,?????,quyosh,m?t tr?i,haul,ilanga,???,oorun,ilanga
water,water,ujâ,??,???,????,su,ur,????,????,voda,????,aigua,sa tubig,madzi,?,?,acqua,voda,voda,vand,water,akvo,vesi,tubig,vesi,eau,wetter,auga,?????,Wasser,?Ó??,????,dlo,ruwa,wai,?????,????,dej,v°z,Vatn,mmiri,air,uisce,acqua,?,banyu,?????,??,???,amazi,?,av,???,????,aqua,?dens,vanduo,Waasser,????,rano,air,??????,ilma,wai,????,??,??,????,vann,??,????,??,woda,agua,????,ap?,????,vai,uisge,????,metsi,mvura,????,???,voda,voda,biyaha,agua,cai,maji,vatten,??,????,??,????,???,Su,suw,????,????,water,suv,N??c,d?r,amanzi,???????,omi,amanzi
white,wit,e bardhâ,??,????,??????,a?,Zuri-,????,????,bijel,???,blanc,puti nga,woyera,??,??,biancu,bijela,b°l?,hvid,wit,blanka,valge,puti,valkoinen,blanc,Wyt,Blanco,?????,Wei·,?Â„??,????,blan,fari,ke?oke?o,???,????,dawb,fehÇr,Hv°tur,?cha,putih,b†n,bianca,?,putih,????,??,?,cyera,??,spå,??,?????,alba,balts,baltas,wÑiss,????,fotsy,putih,???????,abjad,ma,??????,??????,????,????,hvit,???,????,????,bia?y,branco,?????,alb,?????,lanu pa?epa?e,geal,???,t?oeu,chena,???,????,biely,bela,white,blanco,bodas,nyeupe,vit,?????,??????,?????,??????,???,beyaz,ak,?????,????,???,oq rang,tr?ng,gwyn,mhlophe,??????,funfun,emhlophe
wife,vrou,grua,???,????,???,arvad,emaztea,?????,??????,supruga,???????,dona,asawa,mkazi,??,??,moglia,?ena,man?elka,kone,vrouw,edzino,naine,asawa,vaimo,femme,frou,esposa,????,Ehefrau,???‡??‡,?????,madanm,matar,wahine,????,?????,tus poj niam,felesÇg,Kona,nwunye,istri,bean chÇile,moglie,?,bojo,?????,????,???????,umugore,??,jin,????,???????,uxorem,sieva,?mona,Fra,????,vady,isteri,?????,mara,wahine,?????,?????,????,?????,kone,?????,???,??,?ona,esposa,????,so?ie,????,ava,bean,????,mosali oa,mukadzi,???,?????,?ena,?ena,xaaskiisa,esposa,pamajikan,mke,fru,???,?????,??????,?????,?????,kad?n e?,a?aly,???????,????,??????,rafiqa,ng??i v?,gwraig,umfazi,????,iyawo,unkosikazi
wolf,wolf,ujk,???,?????,????,canavar,otso,????,??????,vuk,????,llop,lobo,nkhandwe,?,?,lupu,vuk,vlk,ulv,wolf,lupo,hunt,lobo,susi,Loup,wolf,lobo,wolf,Wolf,?????,???,bät nan bwa,kerk?ci,??lio hihiu,?????,???????,hma,farkas,?lfur,wolf,serigala,mac t°re,lupo,?,wolf,?????,??????,???,impyisi,??,gur,????????,wolf,lupus,vilks,vilkas,Wollef,????,amboadia,serigala,???????,lupu,wuruhi,??????,????,???????,???????,ulv,????,????,???,Wilk,Lobo,?????,lup,????,luko,madadh-allaidh,???,phiri,mhumhi,????,?????,vlk,volk,Yeeyi,lobo,ajag,mbwa Mwitu,Varg,????,?????,????,??????,??????,kurt,mîjek,????,??????,????,bo'ri,ch¢ s¢i,Blaidd,Ingcuka,??????,Ikooko,impisi
